time,cpi
Jun-1922,1.930
Sep-1922,1.930
Dec-1922,1.910
Mar-1923,1.920
Jun-1923,1.980
Sep-1923,2.000
Dec-1923,2.000
Mar-1924,1.940
Jun-1924,1.940
Sep-1924,1.930
Dec-1924,1.930
Mar-1925,1.960
Jun-1925,1.980
Sep-1925,1.990
Dec-1925,1.980
Mar-1926,1.990
Jun-1926,2.030
Sep-1926,2.000
Dec-1926,1.990
Mar-1927,1.980
Jun-1927,1.970
Sep-1927,1.990
Dec-1927,2.000
Mar-1928,2.000
Jun-1928,2.010
Sep-1928,2.000
Dec-1928,2.000
Mar-1929,2.050
Jun-1929,2.050
Sep-1929,2.050
Dec-1929,2.050
Mar-1930,1.990
Jun-1930,1.970
Sep-1930,1.910
Dec-1930,1.840
Mar-1931,1.790
Jun-1931,1.740
Sep-1931,1.690
Dec-1931,1.670
Mar-1932,1.670
Jun-1932,1.650
Sep-1932,1.630
Dec-1932,1.600
Mar-1933,1.580
Jun-1933,1.590
Sep-1933,1.590
Dec-1933,1.590
Mar-1934,1.600
Jun-1934,1.620
Sep-1934,1.620
Dec-1934,1.620
Mar-1935,1.630
Jun-1935,1.630
Sep-1935,1.650
Dec-1935,1.660
Mar-1936,1.660
Jun-1936,1.660
Sep-1936,1.690
Dec-1936,1.700
Mar-1937,1.710
Jun-1937,1.710
Sep-1937,1.730
Dec-1937,1.740
Mar-1938,1.750
Jun-1938,1.770
Sep-1938,1.790
Dec-1938,1.790
Mar-1939,1.820
Jun-1939,1.810
Sep-1939,1.810
Dec-1939,1.830
Mar-1940,1.840
Jun-1940,1.880
Sep-1940,1.890
Dec-1940,1.950
Mar-1941,1.970
Jun-1941,1.980
Sep-1941,1.990
Dec-1941,2.030
Mar-1942,2.080
Jun-1942,2.140
Sep-1942,2.190
Dec-1942,2.220
Mar-1943,2.220
Jun-1943,2.260
Sep-1943,2.240
Dec-1943,2.220
Mar-1944,2.220
Jun-1944,2.220
Sep-1944,2.230
Dec-1944,2.220
Mar-1945,2.220
Jun-1945,2.220
Sep-1945,2.220
Dec-1945,2.230
Mar-1946,2.240
Jun-1946,2.260
Sep-1946,2.260
Dec-1946,2.280
Mar-1947,2.300
Jun-1947,2.320
Sep-1947,2.350
Dec-1947,2.410
Mar-1948,2.470
Jun-1948,2.520
Sep-1948,2.590
Dec-1948,2.630
Mar-1949,2.710
Jun-1949,2.740
Sep-1949,2.820
Dec-1949,2.860
Mar-1950,2.900
Jun-1950,3.020
Sep-1950,3.050
Dec-1950,3.170
Mar-1951,3.320
Jun-1951,3.520
Sep-1951,3.710
Dec-1951,3.980
Mar-1952,4.100
Jun-1952,4.250
Sep-1952,4.330
Dec-1952,4.370
Mar-1953,4.410
Jun-1953,4.450
Sep-1953,4.480
Dec-1953,4.450
Mar-1954,4.480
Jun-1954,4.480
Sep-1954,4.480
Dec-1954,4.480
Mar-1955,4.520
Jun-1955,4.560
Sep-1955,4.600
Dec-1955,4.640
Mar-1956,4.680
Jun-1956,4.830
Sep-1956,4.950
Dec-1956,4.950
Mar-1957,4.950
Jun-1957,4.990
Sep-1957,4.990
Dec-1957,4.990
Mar-1958,5.030
Jun-1958,5.030
Sep-1958,5.030
Dec-1958,5.060
Mar-1959,5.100
Jun-1959,5.100
Sep-1959,5.140
Dec-1959,5.180
Mar-1960,5.220
Jun-1960,5.300
Sep-1960,5.370
Dec-1960,5.410
Mar-1961,5.450
Jun-1961,5.490
Sep-1961,5.450
Dec-1961,5.450
Mar-1962,5.450
Jun-1962,5.450
Sep-1962,5.450
Dec-1962,5.450
Mar-1963,5.450
Jun-1963,5.450
Sep-1963,5.490
Dec-1963,5.490
Mar-1964,5.530
Jun-1964,5.570
Sep-1964,5.640
Dec-1964,5.680
Mar-1965,5.720
Jun-1965,5.800
Sep-1965,5.840
Dec-1965,5.910
Mar-1966,5.950
Jun-1966,5.990
Sep-1966,5.990
Dec-1966,6.070
Mar-1967,6.110
Jun-1967,6.150
Sep-1967,6.260
Dec-1967,6.260
Mar-1968,6.300
Jun-1968,6.340
Sep-1968,6.380
Dec-1968,6.420
Mar-1969,6.490
Jun-1969,6.530
Sep-1969,6.570
Dec-1969,6.610
Mar-1970,6.690
Jun-1970,6.770
Sep-1970,6.800
Dec-1970,6.920
Mar-1971,7.000
Jun-1971,7.110
Sep-1971,7.270
Dec-1971,7.420
Mar-1972,7.500
Jun-1972,7.580
Sep-1972,7.690
Dec-1972,7.770
Mar-1973,7.930
Jun-1973,8.200
Sep-1973,8.470
Dec-1973,8.780
Mar-1974,9.010
Jun-1974,9.390
Sep-1974,9.860
Dec-1974,10.210
Mar-1975,10.590
Jun-1975,10.980
Sep-1975,11.060
Dec-1975,11.680
Mar-1976,11.980
Jun-1976,12.290
Sep-1976,12.600
Dec-1976,13.340
Mar-1977,13.650
Jun-1977,13.960
Sep-1977,14.230
Dec-1977,14.570
Mar-1978,14.770
Jun-1978,15.080
Sep-1978,15.350
Dec-1978,15.700
Mar-1979,15.970
Jun-1979,16.390
Sep-1979,16.780
Dec-1979,17.280
Mar-1980,17.670
Jun-1980,18.170
Sep-1980,18.480
Dec-1980,18.870
Mar-1981,19.330
Jun-1981,19.760
Sep-1981,20.140
Dec-1981,20.990
Mar-1982,21.380
Jun-1982,21.880
Sep-1982,22.650
Dec-1982,23.310
Mar-1983,23.810
Jun-1983,24.320
Sep-1983,24.740
Dec-1983,25.320
Mar-1984,25.210
Jun-1984,25.280
Sep-1984,25.590
Dec-1984,25.980
Mar-1985,26.330
Jun-1985,26.950
Sep-1985,27.560
Dec-1985,28.110
Mar-1986,28.760
Jun-1986,29.230
Sep-1986,30.000
Dec-1986,30.850
Mar-1987,31.470
Jun-1987,31.930
Sep-1987,32.470
Dec-1987,33.050
Mar-1988,33.630
Jun-1988,34.210
Sep-1988,34.870
Dec-1988,35.570
Mar-1989,35.910
Jun-1989,36.800
Sep-1989,37.650
Dec-1989,38.350
Mar-1990,39.010
Jun-1990,39.630
Sep-1990,39.940
Dec-1990,40.980
Mar-1991,40.900
Jun-1991,40.980
Sep-1991,41.210
Dec-1991,41.600
Mar-1992,41.600
Jun-1992,41.480
Sep-1992,41.520
Dec-1992,41.710
Mar-1993,42.100
Jun-1993,42.250
Sep-1993,42.450
Dec-1993,42.530
Mar-1994,42.680
Jun-1994,42.990
Sep-1994,43.260
Dec-1994,43.610
Mar-1995,44.340
Jun-1995,44.920
Sep-1995,45.460
Dec-1995,45.810
Mar-1996,46.000
Jun-1996,46.310
Sep-1996,46.430
Dec-1996,46.510
Mar-1997,46.580
Jun-1997,46.470
Sep-1997,46.280
Dec-1997,46.390
Mar-1998,46.510
Jun-1998,46.780
Sep-1998,46.910
Dec-1998,47.110
Mar-1999,47.080
Jun-1999,47.290
Sep-1999,47.720
Dec-1999,47.970
Mar-2000,48.400
Jun-2000,48.770
Sep-2000,50.590
Dec-2000,50.760
Mar-2001,51.300
Jun-2001,51.730
Sep-2001,51.870
Dec-2001,52.350
Mar-2002,52.820
Jun-2002,53.200
Sep-2002,53.560
Dec-2002,53.920
Mar-2003,54.620
Jun-2003,54.620
Sep-2003,54.930
Dec-2003,55.220
Mar-2004,55.710
Jun-2004,55.970
Sep-2004,56.200
Dec-2004,56.630
Mar-2005,57.010
Jun-2005,57.350
Sep-2005,57.920
Dec-2005,58.220
Mar-2006,58.720
Jun-2006,59.650
Sep-2006,60.180
Dec-2006,60.110
Mar-2007,60.160
Jun-2007,60.900
Sep-2007,61.320
Dec-2007,61.890
Mar-2008,62.720
Jun-2008,63.630
Sep-2008,64.370
Dec-2008,64.160
Mar-2009,64.230
Jun-2009,64.550
Sep-2009,65.160
Dec-2009,65.510
Mar-2010,66.120
Jun-2010,66.520
Sep-2010,67.000
Dec-2010,67.260
Mar-2011,68.300
Jun-2011,68.930
Sep-2011,69.340
Dec-2011,69.340
Mar-2012,69.380
Jun-2012,69.740
Sep-2012,70.690
Dec-2012,70.870
Mar-2013,71.110
Jun-2013,71.380
Sep-2013,72.250
Dec-2013,72.770
Mar-2014,73.200
Jun-2014,73.570
Sep-2014,73.880
Dec-2014,74.020
Mar-2015,74.160
Jun-2015,74.690
Sep-2015,74.980
Dec-2015,75.270
Mar-2016,75.120
Jun-2016,75.450
Sep-2016,75.980
Dec-2016,76.380
Mar-2017,76.730
Jun-2017,76.880
Sep-2017,77.350
Dec-2017,77.870
Mar-2018,78.210
Jun-2018,78.490
Sep-2018,78.830
Dec-2018,79.240
Mar-2019,79.230
Jun-2019,79.700
Sep-2019,80.150
Dec-2019,80.700
Mar-2020,81.000
Jun-2020,79.440
Sep-2020,80.670
Dec-2020,81.400
Mar-2021,81.870
Jun-2021,82.470
Sep-2021,83.170
Dec-2021,84.230
Mar-2022,86.050
Jun-2022,87.590
Sep-2022,89.200
Dec-2022,90.850
Mar-2023,92.080
Jun-2023,92.870
Sep-2023,93.940
Dec-2023,94.530
Mar-2024,95.410
Jun-2024,96.410
Sep-2024,96.620
Dec-2024,96.810
Mar-2025,97.700
Jun-2025,98.430
Sep-2025,99.730
Dec-2025,100.320
Mar-2026,101.700
